{
    "attraction": {
      "area": [
        "north",
        "centre",
        "west",
        "east",
        "south"
      ],
      "type": [
        "sports",
        "entertainment",
        "church",
        "museum",
        "theatre",
        "boat",
        "architecture",
        "park",
        "theater",
        "cinema",
        "college",
        "hotel",
        "gallery",
        "nightclub"
      ]
    },
    "hotel": {
        "day": [
            "saturday",
            "wednesday",
            "sunday",
            "friday",
            "tuesday",
            "monday",
            "thursday"
        ],
        "people": [
            "2",
            "7",
            "8",
            "5",
            "1",
            "6",
            "3",
            "4"
        ],
        "stay": [
            "2",
            "8",
            "7",
            "5",
            "4",
            "1",
            "6",
            "3"
        ],
        "area": [
            "north",
            "east",
            "south",
            "centre",
            "west"
        ],
        "internet": [
            "no",
            "yes"
        ],
        "parking": [
            "no",
            "yes"
        ],
        "pricerange": [
            "expensive",
            "cheap",
            "moderate"
        ],
        "price": [
            "expensive",
            "cheap",
            "moderate"
        ],
        "stars": [
            "2",
            "4",
            "5",
            "0",
            "1",
            "3"
        ],
        "type": [
            "guesthouse",
            "hotel"
        ]
    },
    "restaurant": {
      "day": [
        "sunday",
        "thursday",
        "wednesday",
        "saturday",
        "friday",
        "monday",
        "tuesday"
      ],
      "people": [
        "2",
        "7",
        "8",
        "5",
        "1",
        "6",
        "4",
        "3"
      ],
      "time": [
        "12:00",
        "13:30",
        "10:00",
        "21:00",
        "7pm",
        "1345",
        "19:30",
        "21:45",
        "15:00",
        "01:00",
        "16:30",
        "14:15",
        "03:00",
        "10:45",
        "18:30",
        "15:15",
        "17:00",
        "16:00",
        "4pm",
        "15:30",
        "9",
        "14:00",
        "17:45",
        "09:45",
        "1715",
        "16:45",
        "12:45",
        "1330",
        "20:45",
        "11:00",
        "12:15",
        "10:30",
        "16:15",
        "15:45",
        "11:30",
        "20:00",
        "19:45",
        "10:48",
        "13:45",
        "18:00",
        "18:15",
        "06:30",
        "20:30",
        "12:30",
        "17:30",
        "09:15",
        "14:45",
        "13:00",
        "14:30",
        "20:15",
        "10:15",
        "09:30",
        "14:40",
        "09:00",
        "13:15",
        "1430",
        "1145",
        "8pm",
        "08:45",
        "11:15",
        "22:00",
        "18:45",
        "19:15",
        "17:15",
        "19:00",
        "11:45"
      ],
      "area": [
        "north",
        "east",
        "south",
        "centre",
        "west"
      ],
      "food": [
        "american",
        "indian",
        "polynesian",
        "austrian",
        "greek",
        "asian",
        "korean",
        "danish",
        "chinese",
        "kosher",
        "british",
        "tuscan",
        "indonesian",
        "spanish",
        "portuguese",
        "italian",
        "french",
        "thai",
        "brazilian",
        "african",
        "european",
        "jamaican",
        "mexican",
        "turkish",
        "australian",
        "halal",
        "german",
        "eastern european",
        "caribbean",
        "afghan",
        "seafood",
        "moroccan",
        "russian",
        "creative",
        "eritrean",
        "world",
        "vietnamese",
        "south indian",
        "panasian",
        "persian",
        "modern eclectic",
        "gastropub",
        "japanese",
        "cuban",
        "basque",
        "scottish",
        "christmas",
        "irish",
        "belgian",
        "hungarian",
        "catalan",
        "english",
        "crossover",
        "mediterranean",
        "malaysian",
        "swiss",
        "swedish",
        "polish",
        "traditional",
        "steakhouse",
        "singaporean",
        "asian oriental",
        "venetian",
        "scandinavian",
        "cantonese"
      ],
      "pricerange": [
        "expensive",
        "cheap",
        "moderate"
      ],
      "price": [
        "expensive",
        "cheap",
        "moderate"
      ]
    },
      
    "train": {
      "people": [
        "2",
        "8",
        "7",
        "15",
        "5",
        "1",
        "6",
        "3",
        "9",
        "4",
        "10"
      ],
      "arrive": [
        "19:57",
        "12:00",
        "19:30",
        "11:54",
        "05:30",
        "16:30",
        "18:30",
        "06:45",
        "19:58",
        "23:27",
        "16:06",
        "07:35",
        "08:30",
        "12:07",
        "10:30",
        "12:06",
        "15:45",
        "18:35",
        "18:07",
        "10:32",
        "06:43",
        "8",
        "20:38",
        "18:23",
        "20:06",
        "09:01",
        "20:08",
        "19:54",
        "10:15",
        "09:30",
        "11:52",
        "18:00",
        "07:30",
        "08:07",
        "16:00",
        "08:56",
        "17:23",
        "14:07",
        "10:08",
        "11:00",
        "08:44",
        "21:45",
        "15:00",
        "10:54",
        "17:51",
        "03:00",
        "10:45",
        "16:08",
        "13:06",
        "12:45",
        "20:45",
        "22:01",
        "12:15",
        "18:03",
        "23:00",
        "11:30",
        "11:06",
        "20:00",
        "07:15",
        "15:06",
        "19:45",
        "19:32",
        "07:08",
        "14:45",
        "15:54",
        "21:20",
        "20:15",
        "17:00",
        "02:30",
        "21:06",
        "14:24",
        "15:01",
        "11:15",
        "19:15",
        "11:32",
        "07:44",
        "22:06",
        "13:30",
        "10:00",
        "21:00",
        "13:17",
        "06:55",
        "05:52",
        "12:43",
        "15:15",
        "17:45",
        "10:23",
        "09:45",
        "06:01",
        "15:07",
        "10:07",
        "13:52",
        "17:58",
        "16:15",
        "21:30",
        "13:51",
        "15:24",
        "02:00",
        "19:27",
        "09:06",
        "13:38",
        "08:00",
        "09:32",
        "13:00",
        "14:43",
        "20:20",
        "06:07",
        "09:00",
        "10:43",
        "14:01",
        "08:45",
        "16:32",
        "22:00",
        "17:15",
        "20:07",
        "15:30",
        "08:15",
        "18:10",
        "12:30",
        "11:45",
        "06:15",
        "1100",
        "18:32",
        "13:03",
        "08:54",
        "21:15",
        "13:32",
        "16:23",
        "14:15",
        "23:30",
        "14:00",
        "16:45",
        "20:54",
        "12:08",
        "07:00",
        "16:58",
        "07:52",
        "21:08",
        "19:51",
        "13:45",
        "18:15",
        "20:30",
        "06:30",
        "19:52",
        "16:07",
        "17:30",
        "1545",
        "09:15",
        "21:51",
        "14:30",
        "22:07",
        "13:15",
        "16:44",
        "08:23",
        "18:45",
        "19:00"
      ],
      "day": [
        "saturday",
        "wednesday",
        "sunday",
        "friday",
        "monday",
        "thursday",
        "tuesday"
      ],
      "departure": [
        "huntingdon",
        "panahar",
        "london liverpool street",
        "leicester",
        "brookshite",
        "aylesbray lodge guest",
        "broxbourne",
        "london kings cross",
        "cambridge",
        "birmingham new street",
        "camboats",
        "peterborough",
        "cineworld",
        "alpha-milton",
        "cafe uno",
        "city hall",
        "stansted airport",
        "liverpool",
        "hamilton lodge",
        "duxford",
        "wandlebury country park",
        "stevenage",
        "ely",
        "norwich",
        "london",
        "east london",
        "london liverpool",
        "bishops stortford",
        "kings lynn",
        "stratford"
      ],
      "destination": [
        "copper kettle",
        "city centre north",
        "london liverpool street",
        "leicester",
        "norway",
        "centre",
        "broxbourne",
        "gourmet burger kitchen",
        "london kings cross",
        "cambridge",
        "birmingham new street",
        "glastonbury",
        "peterborough",
        "huntingdon marriott hotel",
        "stansted airport",
        "liverpool",
        "curry prince",
        "stevenage",
        "ely",
        "norwich",
        "liverpool street",
        "london",
        "bournemouth",
        "huntington marriott",
        "bishops stortford",
        "kings lynn"
      ],
      "leave": [
        "12:00",
        "13:40",
        "19:30",
        "11:54",
        "05:30",
        "16:30",
        "09:39",
        "morning",
        "15:39",
        "18:30",
        "06:45",
        "20:19",
        "07:35",
        "08:11",
        "08:30",
        "10:19",
        "08:16",
        "10:30",
        "15:45",
        "11:48",
        "06:09",
        "10:32",
        "07:54",
        "19:50",
        "11:29",
        "19:54",
        "10:15",
        "09:30",
        "13:54",
        "18:00",
        "06:40",
        "08:10",
        "16:00",
        "07:40",
        "1145",
        "07:21",
        "05:29",
        "13:29",
        "11:01",
        "05:15",
        "11:11",
        "11:00",
        "13:11",
        "14:09",
        "21:45",
        "15:00",
        "19:35",
        "05:17",
        "10:45",
        "05:24",
        "12:45",
        "05:54",
        "20:45",
        "22:01",
        "07:45",
        "12:15",
        "15:11",
        "15:50",
        "12:48",
        "08:52",
        "09:19",
        "11:30",
        "20:00",
        "07:15",
        "19:45",
        "07:27",
        "09:11",
        "afternoon",
        "17:59",
        "14:45",
        "05:11",
        "15:54",
        "20:15",
        "10",
        "05:01",
        "13:36",
        "14:40",
        "845",
        "17:00",
        "09:17",
        "05:00",
        "18:06",
        "15:01",
        "05:16",
        "11:15",
        "09:29",
        "19:15",
        "17:50",
        "11:17",
        "05:45",
        "18:09",
        "15:17",
        "17:29",
        "13:30",
        "10:00",
        "21:00",
        "11:35",
        "10:21",
        "13:17",
        "21:11",
        "15:15",
        "10:36",
        "19:40",
        "17:45",
        "08:01",
        "09:45",
        "06:01",
        "20:21",
        "16:15",
        "after lunch",
        "21:30",
        "12:26",
        "06:00",
        "05:36",
        "1532",
        "15:24",
        "02:00",
        "21:50",
        "18:21",
        "17:01",
        "05:40",
        "12:19",
        "06:10",
        "08:00",
        "09:54",
        "13:00",
        "5:45pm",
        "13:24",
        "17:16",
        "09:00",
        "09:23",
        "14:01",
        "1329",
        "08:45",
        "13:39",
        "22:00",
        "17:11",
        "17:15",
        "15:30",
        "08:15",
        "07:17",
        "12:32",
        "01:44",
        "12:30",
        "11:45",
        "after 16:30",
        "00:00",
        "13:01",
        "21:15",
        "09:50",
        "19:17",
        "13:32",
        "09:59",
        "14:15",
        "19:48",
        "18:46",
        "08:32",
        "08:08",
        "9",
        "14:00",
        "15:29",
        "20:40",
        "08:06",
        "17:21",
        "16:45",
        "11:50",
        "14:19",
        "07:00",
        "13:50",
        "21:39",
        "11:39",
        "09:40",
        "11:21",
        "929",
        "08:09",
        "13:45",
        "20:01",
        "18:15",
        "20:30",
        "06:30",
        "10:11",
        "12:56",
        "21:01",
        "22:09",
        "17:30",
        "1545",
        "09:15",
        "21:29",
        "14:30",
        "19:16",
        "07:01",
        "13:15",
        "19:11",
        "05:50",
        "18:40",
        "05:35",
        "14:21",
        "18:45",
        "15:16",
        "18:36",
        "19:00",
        "20:36"
      ]
    }
  }